candidate,classification,source_url,version,license,cost,data_egress,secrets,platform_compatibility,maintenance,install_scope,rollback,smoke_test,decision,evidence_date,notes
WaveSurfer.js,前端库,https://github.com/katspaugh/wavesurfer.js,7.12.11,BSD-3-Clause,组件无服务费,本机解码或读取本软件已生成的视频,不需要密钥,React18与Electron浏览器层,已核验该版本发布页,package.json及AudioReview组件,移除组件引用与依赖后重建,波形显示/选区/播放/末尾暂停/关闭通过,ADOPT,2026-08-30,不是降噪或语音生成引擎;短片段按需加载
React Flow,前端画布库,https://github.com/xyflow/xyflow,12.11.5,MIT,基础库无服务费,基础UI无额外AI上传,不需要密钥,React18与Electron浏览器层,核验官方仓库,画布节点/连线/缩放/自动整理/版本候选/断点任务及六类内置工作流已接入,移除画布入口与依赖后重建,模板合法性与全量单测通过,ADOPT,2026-09-19,不购买或复制Pro付费模板;工作流模板由本项目独立实现
p-queue,任务并发库,https://github.com/sindresorhus/p-queue,未安装,MIT,无托管服务要求,本身不上传,不需要密钥,ESM需构建兼容,作者说明功能完整,本轮不增加重复依赖,无需回滚,现有分批队列及SQLite存档已覆盖部分需求,ALREADY_COVERED,2026-08-30,它不是持久化任务数据库;不可用它宣称解决断电恢复
MoneyPrinterTurbo,完整Python应用,https://github.com/harry0703/MoneyPrinterTurbo,未安装,MIT,模型及部分素材服务另计,所选AI与素材供应商,需要对应供应商配置,整包引入会增加Python与第二套运行时,核验官方仓库及依赖说明,仅借鉴主题到脚本/配音/素材/字幕/合成的阶段设计并独立实现模板,删除本项目模板即可回退,六类模板合法性测试通过,REFERENCE_ONLY,2026-09-19,不复制源码或捆绑Python应用;保持用户只配置API即可使用
LosslessCut,独立桌面应用,https://github.com/mifi/lossless-cut,未安装,GPL-2.0,开源并不等于没有再分发义务,本地FFmpeg剪辑,无需AI密钥,与现有Electron和FFmpeg部分重复,核验官方仓库,不将整套源码直接并入当前商业客户端,无改动,未试运行,REJECT,2026-08-30,仅拒绝当前直接整包集成方案;不是否定其功能或商业使用可能性
FFmpeg/FFprobe,本地CLI,https://www.ffmpeg.org/legal.html,8.1.1 essentials,当前构建含GPL组件,无按次API费,本地处理已提供素材,无需模型密钥,Windows x64二进制已入vendor,构建版本已核验,本机开发测试内置;正式分发需授权材料门禁,更换经审核的构建版本,实际切片/探测/音轨/字幕合成通过,PILOT,2026-08-30,发布前提供对应许可证与必要源码/构建材料;不能仅复制exe后宣称合规完成
XState,状态机与工作流编排库,https://github.com/statelyai/xstate,未安装,MIT,无托管服务费,本身不上传数据,不需要密钥,可兼容TypeScript但迁移现有运行引擎需专项设计,核验官方仓库与许可证,当前SQLite断点与显式任务状态已覆盖核心需求;不为重构而重构,无改动,现有断点恢复测试通过,DEFER,2026-09-19,后续团队协作和多审核分支复杂化时再引入
PySceneDetect,镜头检测库,https://github.com/Breakthrough/PySceneDetect,0.7.1,BSD-3-Clause,无托管服务费,本机分析视频,不需要模型密钥,默认会引入Python/OpenCV运行时,核验官方仓库/许可证/CLI,不进入默认安装包;重制模块继续使用内置FFmpeg转场检测,无改动,现有长视频拆镜与恢复测试可继续扩展,OPTIONAL_SERVER,2026-09-19,如部署到分析服务器可作为增强检测器而不是客户端必装项
OpenTimelineIO,剪辑时间线交换格式,https://github.com/AcademySoftwareFoundation/OpenTimelineIO,未安装,Apache-2.0,无托管服务费,只处理时间线与素材引用,不需要密钥,官方核心为C++并提供Python绑定,核验官方仓库与项目说明,当前继续保留EDL/FCPXML导出;评估独立OTIO JSON导出而不打包整个运行时,无改动,待真实剪辑软件往返验收,DEFER,2026-09-19,适合后续跨剪辑软件交付但不直接提升生成质量
